Mon Jan 06 2025 00:00:00 +0100 -> (0)
Mon Jan 06 2025 00:00:00 +0100 -> (1)
Mon Jan 06 2025 00:00:00 +0100 -> (2)
Mon Jan 06 2025 00:00:00 +0100 -> (3)
Tue Jan 07 2025 00:00:00 +0100 -> (0)
Tue Jan 07 2025 00:00:00 +0100 -> (1)
Tue Jan 07 2025 00:00:00 +0100 -> (2)
Tue Jan 07 2025 00:00:00 +0100 -> (3)
Wed Jan 08 2025 00:00:00 +0100 -> (0)
Wed Jan 08 2025 00:00:00 +0100 -> (1)
Wed Jan 08 2025 00:00:00 +0100 -> (2)
Wed Jan 08 2025 00:00:00 +0100 -> (3)
Thu Jan 09 2025 00:00:00 +0100 -> (0)
Thu Jan 09 2025 00:00:00 +0100 -> (1)
Thu Jan 09 2025 00:00:00 +0100 -> (2)
Thu Jan 09 2025 00:00:00 +0100 -> (3)
Fri Jan 10 2025 00:00:00 +0100 -> (0)
Fri Jan 10 2025 00:00:00 +0100 -> (1)
Fri Jan 10 2025 00:00:00 +0100 -> (2)
Fri Jan 10 2025 00:00:00 +0100 -> (3)
Sat Jan 11 2025 00:00:00 +0100 -> (0)
Sat Jan 11 2025 00:00:00 +0100 -> (1)
Sat Jan 11 2025 00:00:00 +0100 -> (2)
Sat Jan 11 2025 00:00:00 +0100 -> (3)
Sun Jan 12 2025 00:00:00 +0100 -> (0)
Sun Jan 12 2025 00:00:00 +0100 -> (1)
Sun Jan 12 2025 00:00:00 +0100 -> (2)
Sun Jan 12 2025 00:00:00 +0100 -> (3)
Mon Jan 13 2025 00:00:00 +0100 -> (0)
Mon Jan 13 2025 00:00:00 +0100 -> (1)
Mon Jan 13 2025 00:00:00 +0100 -> (2)
Mon Jan 13 2025 00:00:00 +0100 -> (3)
Thu Jan 16 2025 00:00:00 +0100 -> (0)
Thu Jan 16 2025 00:00:00 +0100 -> (1)
Thu Jan 16 2025 00:00:00 +0100 -> (2)
Thu Jan 16 2025 00:00:00 +0100 -> (3)
Sun Jan 19 2025 00:00:00 +0100 -> (0)
Sun Jan 19 2025 00:00:00 +0100 -> (1)
Sun Jan 19 2025 00:00:00 +0100 -> (2)
Sun Jan 19 2025 00:00:00 +0100 -> (3)
Mon Jan 20 2025 00:00:00 +0100 -> (0)
Mon Jan 20 2025 00:00:00 +0100 -> (1)
Mon Jan 20 2025 00:00:00 +0100 -> (2)
Mon Jan 20 2025 00:00:00 +0100 -> (3)
Thu Jan 23 2025 00:00:00 +0100 -> (0)
Thu Jan 23 2025 00:00:00 +0100 -> (1)
Thu Jan 23 2025 00:00:00 +0100 -> (2)
Thu Jan 23 2025 00:00:00 +0100 -> (3)
Sun Jan 26 2025 00:00:00 +0100 -> (0)
Sun Jan 26 2025 00:00:00 +0100 -> (1)
Sun Jan 26 2025 00:00:00 +0100 -> (2)
Sun Jan 26 2025 00:00:00 +0100 -> (3)
Mon Jan 27 2025 00:00:00 +0100 -> (0)
Mon Jan 27 2025 00:00:00 +0100 -> (1)
Mon Jan 27 2025 00:00:00 +0100 -> (2)
Mon Jan 27 2025 00:00:00 +0100 -> (3)
Thu Jan 30 2025 00:00:00 +0100 -> (0)
Thu Jan 30 2025 00:00:00 +0100 -> (1)
Thu Jan 30 2025 00:00:00 +0100 -> (2)
Thu Jan 30 2025 00:00:00 +0100 -> (3)
Sun Feb 02 2025 00:00:00 +0100 -> (0)
Sun Feb 02 2025 00:00:00 +0100 -> (1)
Sun Feb 02 2025 00:00:00 +0100 -> (2)
Sun Feb 02 2025 00:00:00 +0100 -> (3)
Tue Feb 04 2025 00:00:00 +0100 -> (0)
Tue Feb 04 2025 00:00:00 +0100 -> (1)
Tue Feb 04 2025 00:00:00 +0100 -> (2)
Tue Feb 04 2025 00:00:00 +0100 -> (3)
Wed Feb 05 2025 00:00:00 +0100 -> (0)
Wed Feb 05 2025 00:00:00 +0100 -> (1)
Wed Feb 05 2025 00:00:00 +0100 -> (2)
Wed Feb 05 2025 00:00:00 +0100 -> (3)
Fri Feb 07 2025 00:00:00 +0100 -> (0)
Fri Feb 07 2025 00:00:00 +0100 -> (1)
Fri Feb 07 2025 00:00:00 +0100 -> (2)
Fri Feb 07 2025 00:00:00 +0100 -> (3)
Sat Feb 08 2025 00:00:00 +0100 -> (0)
Sat Feb 08 2025 00:00:00 +0100 -> (1)
Sat Feb 08 2025 00:00:00 +0100 -> (2)
Sat Feb 08 2025 00:00:00 +0100 -> (3)
Mon Feb 17 2025 00:00:00 +0100 -> (0)
Mon Feb 17 2025 00:00:00 +0100 -> (1)
Mon Feb 17 2025 00:00:00 +0100 -> (2)
Mon Feb 17 2025 00:00:00 +0100 -> (3)
Tue Feb 18 2025 00:00:00 +0100 -> (0)
Tue Feb 18 2025 00:00:00 +0100 -> (1)
Tue Feb 18 2025 00:00:00 +0100 -> (2)
Tue Feb 18 2025 00:00:00 +0100 -> (3)
Wed Feb 19 2025 00:00:00 +0100 -> (0)
Wed Feb 19 2025 00:00:00 +0100 -> (1)
Wed Feb 19 2025 00:00:00 +0100 -> (2)
Wed Feb 19 2025 00:00:00 +0100 -> (3)
Thu Feb 20 2025 00:00:00 +0100 -> (0)
Thu Feb 20 2025 00:00:00 +0100 -> (1)
Thu Feb 20 2025 00:00:00 +0100 -> (2)
Thu Feb 20 2025 00:00:00 +0100 -> (3)
Fri Feb 21 2025 00:00:00 +0100 -> (0)
Fri Feb 21 2025 00:00:00 +0100 -> (1)
Fri Feb 21 2025 00:00:00 +0100 -> (2)
Fri Feb 21 2025 00:00:00 +0100 -> (3)
Sat Feb 22 2025 00:00:00 +0100 -> (0)
Sat Feb 22 2025 00:00:00 +0100 -> (1)
Sat Feb 22 2025 00:00:00 +0100 -> (2)
Sat Feb 22 2025 00:00:00 +0100 -> (3)
Sun Feb 23 2025 00:00:00 +0100 -> (0)
Sun Feb 23 2025 00:00:00 +0100 -> (1)
Sun Feb 23 2025 00:00:00 +0100 -> (2)
Sun Feb 23 2025 00:00:00 +0100 -> (3)
Sun Mar 09 2025 23:00:00 +0000 -> (0)
Sun Mar 09 2025 23:00:00 +0000 -> (1)
Sun Mar 09 2025 23:00:00 +0000 -> (2)
Sun Mar 09 2025 23:00:00 +0000 -> (3)
Mon Mar 10 2025 23:00:00 +0000 -> (0)
Mon Mar 10 2025 23:00:00 +0000 -> (1)
Mon Mar 10 2025 23:00:00 +0000 -> (2)
Mon Mar 10 2025 23:00:00 +0000 -> (3)
Tue Mar 11 2025 23:00:00 +0000 -> (0)
Tue Mar 11 2025 23:00:00 +0000 -> (1)
Tue Mar 11 2025 23:00:00 +0000 -> (2)
Tue Mar 11 2025 23:00:00 +0000 -> (3)
Wed Mar 12 2025 23:00:00 +0000 -> (0)
Wed Mar 12 2025 23:00:00 +0000 -> (1)
Wed Mar 12 2025 23:00:00 +0000 -> (2)
Wed Mar 12 2025 23:00:00 +0000 -> (3)
Thu Mar 13 2025 23:00:00 +0000 -> (0)
Thu Mar 13 2025 23:00:00 +0000 -> (1)
Thu Mar 13 2025 23:00:00 +0000 -> (2)
Thu Mar 13 2025 23:00:00 +0000 -> (3)
Fri Mar 14 2025 23:00:00 +0000 -> (0)
Fri Mar 14 2025 23:00:00 +0000 -> (1)
Fri Mar 14 2025 23:00:00 +0000 -> (2)
Fri Mar 14 2025 23:00:00 +0000 -> (3)
Sat Mar 15 2025 23:00:00 +0000 -> (0)
Sat Mar 15 2025 23:00:00 +0000 -> (1)
Sat Mar 15 2025 23:00:00 +0000 -> (2)
Sat Mar 15 2025 23:00:00 +0000 -> (3)
Sun Mar 16 2025 23:00:00 +0000 -> (0)
Sun Mar 16 2025 23:00:00 +0000 -> (1)
Sun Mar 16 2025 23:00:00 +0000 -> (2)
Sun Mar 16 2025 23:00:00 +0000 -> (3)
Wed Mar 19 2025 23:00:00 +0000 -> (0)
Wed Mar 19 2025 23:00:00 +0000 -> (1)
Wed Mar 19 2025 23:00:00 +0000 -> (2)
Wed Mar 19 2025 23:00:00 +0000 -> (3)
Sat Mar 22 2025 23:00:00 +0000 -> (0)
Sat Mar 22 2025 23:00:00 +0000 -> (1)
Sat Mar 22 2025 23:00:00 +0000 -> (2)
Sat Mar 22 2025 23:00:00 +0000 -> (3)
Sun Mar 23 2025 23:00:00 +0000 -> (0)
Sun Mar 23 2025 23:00:00 +0000 -> (1)
Sun Mar 23 2025 23:00:00 +0000 -> (2)
Sun Mar 23 2025 23:00:00 +0000 -> (3)
Wed Mar 26 2025 23:00:00 +0000 -> (0)
Wed Mar 26 2025 23:00:00 +0000 -> (1)
Wed Mar 26 2025 23:00:00 +0000 -> (2)
Wed Mar 26 2025 23:00:00 +0000 -> (3)
Sat Mar 29 2025 23:00:00 +0000 -> (0)
Sat Mar 29 2025 23:00:00 +0000 -> (1)
Sat Mar 29 2025 23:00:00 +0000 -> (2)
Sat Mar 29 2025 23:00:00 +0000 -> (3)
Sun Mar 30 2025 23:00:00 +0000 -> (0)
Sun Mar 30 2025 23:00:00 +0000 -> (1)
Sun Mar 30 2025 23:00:00 +0000 -> (2)
Sun Mar 30 2025 23:00:00 +0000 -> (3)
Wed Apr 02 2025 23:00:00 +0000 -> (0)
Wed Apr 02 2025 23:00:00 +0000 -> (1)
Wed Apr 02 2025 23:00:00 +0000 -> (2)
Wed Apr 02 2025 23:00:00 +0000 -> (3)
Sat Apr 05 2025 23:00:00 +0000 -> (0)
Sat Apr 05 2025 23:00:00 +0000 -> (1)
Sat Apr 05 2025 23:00:00 +0000 -> (2)
Sat Apr 05 2025 23:00:00 +0000 -> (3)
Mon Apr 14 2025 00:00:00 +0100 -> (0)
Mon Apr 14 2025 00:00:00 +0100 -> (1)
Mon Apr 14 2025 00:00:00 +0100 -> (2)
Mon Apr 14 2025 00:00:00 +0100 -> (3)
Tue Apr 15 2025 00:00:00 +0100 -> (0)
Tue Apr 15 2025 00:00:00 +0100 -> (1)
Tue Apr 15 2025 00:00:00 +0100 -> (2)
Tue Apr 15 2025 00:00:00 +0100 -> (3)
Wed Apr 16 2025 00:00:00 +0100 -> (0)
Wed Apr 16 2025 00:00:00 +0100 -> (1)
Wed Apr 16 2025 00:00:00 +0100 -> (2)
Wed Apr 16 2025 00:00:00 +0100 -> (3)
Thu Apr 17 2025 00:00:00 +0100 -> (0)
Thu Apr 17 2025 00:00:00 +0100 -> (1)
Thu Apr 17 2025 00:00:00 +0100 -> (2)
Thu Apr 17 2025 00:00:00 +0100 -> (3)
Fri Apr 18 2025 00:00:00 +0100 -> (0)
Fri Apr 18 2025 00:00:00 +0100 -> (1)
Fri Apr 18 2025 00:00:00 +0100 -> (2)
Fri Apr 18 2025 00:00:00 +0100 -> (3)
Sat Apr 19 2025 00:00:00 +0100 -> (0)
Sat Apr 19 2025 00:00:00 +0100 -> (1)
Sat Apr 19 2025 00:00:00 +0100 -> (2)
Sat Apr 19 2025 00:00:00 +0100 -> (3)
Sun Apr 20 2025 00:00:00 +0100 -> (0)
Sun Apr 20 2025 00:00:00 +0100 -> (1)
Sun Apr 20 2025 00:00:00 +0100 -> (2)
Sun Apr 20 2025 00:00:00 +0100 -> (3)
Mon Apr 21 2025 00:00:00 +0100 -> (0)
Mon Apr 21 2025 00:00:00 +0100 -> (1)
Mon Apr 21 2025 00:00:00 +0100 -> (2)
Mon Apr 21 2025 00:00:00 +0100 -> (3)
Thu Apr 24 2025 00:00:00 +0100 -> (0)
Thu Apr 24 2025 00:00:00 +0100 -> (1)
Thu Apr 24 2025 00:00:00 +0100 -> (2)
Thu Apr 24 2025 00:00:00 +0100 -> (3)
Mon Apr 28 2025 00:00:00 +0100 -> (0)
Mon Apr 28 2025 00:00:00 +0100 -> (1)
Mon Apr 28 2025 00:00:00 +0100 -> (2)
Mon Apr 28 2025 00:00:00 +0100 -> (3)
Thu May 01 2025 00:00:00 +0100 -> (0)
Thu May 01 2025 00:00:00 +0100 -> (1)
Thu May 01 2025 00:00:00 +0100 -> (2)
Thu May 01 2025 00:00:00 +0100 -> (3)
Mon May 05 2025 00:00:00 +0100 -> (0)
Mon May 05 2025 00:00:00 +0100 -> (1)
Mon May 05 2025 00:00:00 +0100 -> (2)
Mon May 05 2025 00:00:00 +0100 -> (3)
Thu May 08 2025 00:00:00 +0100 -> (0)
Thu May 08 2025 00:00:00 +0100 -> (1)
Thu May 08 2025 00:00:00 +0100 -> (2)
Thu May 08 2025 00:00:00 +0100 -> (3)
Mon Jan 06 2025 00:00:00 +0100 -> (0)
Mon Jan 06 2025 00:00:00 +0100 -> (1)
Mon Jan 06 2025 00:00:00 +0100 -> (2)
Mon Jan 06 2025 00:00:00 +0100 -> (3)
Tue Jan 07 2025 00:00:00 +0100 -> (0)
Tue Jan 07 2025 00:00:00 +0100 -> (1)
Tue Jan 07 2025 00:00:00 +0100 -> (2)
Tue Jan 07 2025 00:00:00 +0100 -> (3)
Wed Jan 08 2025 00:00:00 +0100 -> (0)
Wed Jan 08 2025 00:00:00 +0100 -> (1)
Wed Jan 08 2025 00:00:00 +0100 -> (2)
Wed Jan 08 2025 00:00:00 +0100 -> (3)
Thu Jan 09 2025 00:00:00 +0100 -> (0)
Thu Jan 09 2025 00:00:00 +0100 -> (1)
Thu Jan 09 2025 00:00:00 +0100 -> (2)
Thu Jan 09 2025 00:00:00 +0100 -> (3)
Fri Jan 10 2025 00:00:00 +0100 -> (0)
Fri Jan 10 2025 00:00:00 +0100 -> (1)
Fri Jan 10 2025 00:00:00 +0100 -> (2)
Fri Jan 10 2025 00:00:00 +0100 -> (3)
Sat Jan 11 2025 00:00:00 +0100 -> (0)
Sat Jan 11 2025 00:00:00 +0100 -> (1)
Sat Jan 11 2025 00:00:00 +0100 -> (2)
Sat Jan 11 2025 00:00:00 +0100 -> (3)
Sun Jan 12 2025 00:00:00 +0100 -> (0)
Sun Jan 12 2025 00:00:00 +0100 -> (1)
Sun Jan 12 2025 00:00:00 +0100 -> (2)
Sun Jan 12 2025 00:00:00 +0100 -> (3)
Mon Jan 13 2025 00:00:00 +0100 -> (0)
Mon Jan 13 2025 00:00:00 +0100 -> (1)
Mon Jan 13 2025 00:00:00 +0100 -> (2)
Mon Jan 13 2025 00:00:00 +0100 -> (3)
Thu Jan 16 2025 00:00:00 +0100 -> (0)
Thu Jan 16 2025 00:00:00 +0100 -> (1)
Thu Jan 16 2025 00:00:00 +0100 -> (2)
Thu Jan 16 2025 00:00:00 +0100 -> (3)
Sun Jan 19 2025 00:00:00 +0100 -> (0)
Sun Jan 19 2025 00:00:00 +0100 -> (1)
Sun Jan 19 2025 00:00:00 +0100 -> (2)
Sun Jan 19 2025 00:00:00 +0100 -> (3)
Mon Jan 20 2025 00:00:00 +0100 -> (0)
Mon Jan 20 2025 00:00:00 +0100 -> (1)
Mon Jan 20 2025 00:00:00 +0100 -> (2)
Mon Jan 20 2025 00:00:00 +0100 -> (3)
Thu Jan 23 2025 00:00:00 +0100 -> (0)
Thu Jan 23 2025 00:00:00 +0100 -> (1)
Thu Jan 23 2025 00:00:00 +0100 -> (2)
Thu Jan 23 2025 00:00:00 +0100 -> (3)
Sun Jan 26 2025 00:00:00 +0100 -> (0)
Sun Jan 26 2025 00:00:00 +0100 -> (1)
Sun Jan 26 2025 00:00:00 +0100 -> (2)
Sun Jan 26 2025 00:00:00 +0100 -> (3)
Mon Jan 27 2025 00:00:00 +0100 -> (0)
Mon Jan 27 2025 00:00:00 +0100 -> (1)
Mon Jan 27 2025 00:00:00 +0100 -> (2)
Mon Jan 27 2025 00:00:00 +0100 -> (3)
Thu Jan 30 2025 00:00:00 +0100 -> (0)
Thu Jan 30 2025 00:00:00 +0100 -> (1)
Thu Jan 30 2025 00:00:00 +0100 -> (2)
Thu Jan 30 2025 00:00:00 +0100 -> (3)
Sun Feb 02 2025 00:00:00 +0100 -> (0)
Sun Feb 02 2025 00:00:00 +0100 -> (1)
Sun Feb 02 2025 00:00:00 +0100 -> (2)
Sun Feb 02 2025 00:00:00 +0100 -> (3)
Tue Feb 04 2025 00:00:00 +0100 -> (0)
Tue Feb 04 2025 00:00:00 +0100 -> (1)
Tue Feb 04 2025 00:00:00 +0100 -> (2)
Tue Feb 04 2025 00:00:00 +0100 -> (3)
Wed Feb 05 2025 00:00:00 +0100 -> (0)
Wed Feb 05 2025 00:00:00 +0100 -> (1)
Wed Feb 05 2025 00:00:00 +0100 -> (2)
Wed Feb 05 2025 00:00:00 +0100 -> (3)
Fri Feb 07 2025 00:00:00 +0100 -> (0)
Fri Feb 07 2025 00:00:00 +0100 -> (1)
Fri Feb 07 2025 00:00:00 +0100 -> (2)
Fri Feb 07 2025 00:00:00 +0100 -> (3)
Sat Feb 08 2025 00:00:00 +0100 -> (0)
Sat Feb 08 2025 00:00:00 +0100 -> (1)
Sat Feb 08 2025 00:00:00 +0100 -> (2)
Sat Feb 08 2025 00:00:00 +0100 -> (3)
Mon Feb 17 2025 00:00:00 +0100 -> (0)
Mon Feb 17 2025 00:00:00 +0100 -> (1)
Mon Feb 17 2025 00:00:00 +0100 -> (2)
Mon Feb 17 2025 00:00:00 +0100 -> (3)
Tue Feb 18 2025 00:00:00 +0100 -> (0)
Tue Feb 18 2025 00:00:00 +0100 -> (1)
Tue Feb 18 2025 00:00:00 +0100 -> (2)
Tue Feb 18 2025 00:00:00 +0100 -> (3)
Wed Feb 19 2025 00:00:00 +0100 -> (0)
Wed Feb 19 2025 00:00:00 +0100 -> (1)
Wed Feb 19 2025 00:00:00 +0100 -> (2)
Wed Feb 19 2025 00:00:00 +0100 -> (3)
Thu Feb 20 2025 00:00:00 +0100 -> (0)
Thu Feb 20 2025 00:00:00 +0100 -> (1)
Thu Feb 20 2025 00:00:00 +0100 -> (2)
Thu Feb 20 2025 00:00:00 +0100 -> (3)
Fri Feb 21 2025 00:00:00 +0100 -> (0)
Fri Feb 21 2025 00:00:00 +0100 -> (1)
Fri Feb 21 2025 00:00:00 +0100 -> (2)
Fri Feb 21 2025 00:00:00 +0100 -> (3)
Sat Feb 22 2025 00:00:00 +0100 -> (0)
Sat Feb 22 2025 00:00:00 +0100 -> (1)
Sat Feb 22 2025 00:00:00 +0100 -> (2)
Sat Feb 22 2025 00:00:00 +0100 -> (3)
Sun Feb 23 2025 00:00:00 +0100 -> (0)
Sun Feb 23 2025 00:00:00 +0100 -> (1)
Sun Feb 23 2025 00:00:00 +0100 -> (2)
Sun Feb 23 2025 00:00:00 +0100 -> (3)
Sun Mar 09 2025 23:00:00 +0000 -> (0)
Sun Mar 09 2025 23:00:00 +0000 -> (1)
Sun Mar 09 2025 23:00:00 +0000 -> (2)
Sun Mar 09 2025 23:00:00 +0000 -> (3)
Mon Mar 10 2025 23:00:00 +0000 -> (0)
Mon Mar 10 2025 23:00:00 +0000 -> (1)
Mon Mar 10 2025 23:00:00 +0000 -> (2)
Mon Mar 10 2025 23:00:00 +0000 -> (3)
Tue Mar 11 2025 23:00:00 +0000 -> (0)
Tue Mar 11 2025 23:00:00 +0000 -> (1)
Tue Mar 11 2025 23:00:00 +0000 -> (2)
Tue Mar 11 2025 23:00:00 +0000 -> (3)
Wed Mar 12 2025 23:00:00 +0000 -> (0)
Wed Mar 12 2025 23:00:00 +0000 -> (1)
Wed Mar 12 2025 23:00:00 +0000 -> (2)
Wed Mar 12 2025 23:00:00 +0000 -> (3)
Thu Mar 13 2025 23:00:00 +0000 -> (0)
Thu Mar 13 2025 23:00:00 +0000 -> (1)
Thu Mar 13 2025 23:00:00 +0000 -> (2)
Thu Mar 13 2025 23:00:00 +0000 -> (3)
Fri Mar 14 2025 23:00:00 +0000 -> (0)
Fri Mar 14 2025 23:00:00 +0000 -> (1)
Fri Mar 14 2025 23:00:00 +0000 -> (2)
Fri Mar 14 2025 23:00:00 +0000 -> (3)
Sat Mar 15 2025 23:00:00 +0000 -> (0)
Sat Mar 15 2025 23:00:00 +0000 -> (1)
Sat Mar 15 2025 23:00:00 +0000 -> (2)
Sat Mar 15 2025 23:00:00 +0000 -> (3)
Sun Mar 16 2025 23:00:00 +0000 -> (0)
Sun Mar 16 2025 23:00:00 +0000 -> (1)
Sun Mar 16 2025 23:00:00 +0000 -> (2)
Sun Mar 16 2025 23:00:00 +0000 -> (3)
Wed Mar 19 2025 23:00:00 +0000 -> (0)
Wed Mar 19 2025 23:00:00 +0000 -> (1)
Wed Mar 19 2025 23:00:00 +0000 -> (2)
Wed Mar 19 2025 23:00:00 +0000 -> (3)
Sat Mar 22 2025 23:00:00 +0000 -> (0)
Sat Mar 22 2025 23:00:00 +0000 -> (1)
Sat Mar 22 2025 23:00:00 +0000 -> (2)
Sat Mar 22 2025 23:00:00 +0000 -> (3)
Sun Mar 23 2025 23:00:00 +0000 -> (0)
Sun Mar 23 2025 23:00:00 +0000 -> (1)
Sun Mar 23 2025 23:00:00 +0000 -> (2)
Sun Mar 23 2025 23:00:00 +0000 -> (3)
Wed Mar 26 2025 23:00:00 +0000 -> (0)
Wed Mar 26 2025 23:00:00 +0000 -> (1)
Wed Mar 26 2025 23:00:00 +0000 -> (2)
Wed Mar 26 2025 23:00:00 +0000 -> (3)
Sat Mar 29 2025 23:00:00 +0000 -> (0)
Sat Mar 29 2025 23:00:00 +0000 -> (1)
Sat Mar 29 2025 23:00:00 +0000 -> (2)
Sat Mar 29 2025 23:00:00 +0000 -> (3)
Sun Mar 30 2025 23:00:00 +0000 -> (0)
Sun Mar 30 2025 23:00:00 +0000 -> (1)
Sun Mar 30 2025 23:00:00 +0000 -> (2)
Sun Mar 30 2025 23:00:00 +0000 -> (3)
Wed Apr 02 2025 23:00:00 +0000 -> (0)
Wed Apr 02 2025 23:00:00 +0000 -> (1)
Wed Apr 02 2025 23:00:00 +0000 -> (2)
Wed Apr 02 2025 23:00:00 +0000 -> (3)
Sat Apr 05 2025 23:00:00 +0000 -> (0)
Sat Apr 05 2025 23:00:00 +0000 -> (1)
Sat Apr 05 2025 23:00:00 +0000 -> (2)
Sat Apr 05 2025 23:00:00 +0000 -> (3)
Mon Apr 14 2025 00:00:00 +0100 -> (0)
Mon Apr 14 2025 00:00:00 +0100 -> (1)
Mon Apr 14 2025 00:00:00 +0100 -> (2)
Mon Apr 14 2025 00:00:00 +0100 -> (3)
Tue Apr 15 2025 00:00:00 +0100 -> (0)
Tue Apr 15 2025 00:00:00 +0100 -> (1)
Tue Apr 15 2025 00:00:00 +0100 -> (2)
Tue Apr 15 2025 00:00:00 +0100 -> (3)
Wed Apr 16 2025 00:00:00 +0100 -> (0)
Wed Apr 16 2025 00:00:00 +0100 -> (1)
Wed Apr 16 2025 00:00:00 +0100 -> (2)
Wed Apr 16 2025 00:00:00 +0100 -> (3)
Thu Apr 17 2025 00:00:00 +0100 -> (0)
Thu Apr 17 2025 00:00:00 +0100 -> (1)
Thu Apr 17 2025 00:00:00 +0100 -> (2)
Thu Apr 17 2025 00:00:00 +0100 -> (3)
Fri Apr 18 2025 00:00:00 +0100 -> (0)
Fri Apr 18 2025 00:00:00 +0100 -> (1)
Fri Apr 18 2025 00:00:00 +0100 -> (2)
Fri Apr 18 2025 00:00:00 +0100 -> (3)
Sat Apr 19 2025 00:00:00 +0100 -> (0)
Sat Apr 19 2025 00:00:00 +0100 -> (1)
Sat Apr 19 2025 00:00:00 +0100 -> (2)
Sat Apr 19 2025 00:00:00 +0100 -> (3)
Sun Apr 20 2025 00:00:00 +0100 -> (0)
Sun Apr 20 2025 00:00:00 +0100 -> (1)
Sun Apr 20 2025 00:00:00 +0100 -> (2)
Sun Apr 20 2025 00:00:00 +0100 -> (3)
Mon Apr 21 2025 00:00:00 +0100 -> (0)
Mon Apr 21 2025 00:00:00 +0100 -> (1)
Mon Apr 21 2025 00:00:00 +0100 -> (2)
Mon Apr 21 2025 00:00:00 +0100 -> (3)
Thu Apr 24 2025 00:00:00 +0100 -> (0)
Thu Apr 24 2025 00:00:00 +0100 -> (1)
Thu Apr 24 2025 00:00:00 +0100 -> (2)
Thu Apr 24 2025 00:00:00 +0100 -> (3)
Mon Apr 28 2025 00:00:00 +0100 -> (0)
Mon Apr 28 2025 00:00:00 +0100 -> (1)
Mon Apr 28 2025 00:00:00 +0100 -> (2)
Mon Apr 28 2025 00:00:00 +0100 -> (3)
Thu May 01 2025 00:00:00 +0100 -> (0)
Thu May 01 2025 00:00:00 +0100 -> (1)
Thu May 01 2025 00:00:00 +0100 -> (2)
Thu May 01 2025 00:00:00 +0100 -> (3)
Mon May 05 2025 00:00:00 +0100 -> (0)
Mon May 05 2025 00:00:00 +0100 -> (1)
Mon May 05 2025 00:00:00 +0100 -> (2)
Mon May 05 2025 00:00:00 +0100 -> (3)
Thu May 08 2025 00:00:00 +0100 -> (0)
Thu May 08 2025 00:00:00 +0100 -> (1)
Thu May 08 2025 00:00:00 +0100 -> (2)
Thu May 08 2025 00:00:00 +0100 -> (3)
Mon Jan 06 2025 00:00:00 +0100 -> (0)
Mon Jan 06 2025 00:00:00 +0100 -> (1)
Mon Jan 06 2025 00:00:00 +0100 -> (2)
Mon Jan 06 2025 00:00:00 +0100 -> (3)
Tue Jan 07 2025 00:00:00 +0100 -> (0)
Tue Jan 07 2025 00:00:00 +0100 -> (1)
Tue Jan 07 2025 00:00:00 +0100 -> (2)
Tue Jan 07 2025 00:00:00 +0100 -> (3)
Wed Jan 08 2025 00:00:00 +0100 -> (0)
Wed Jan 08 2025 00:00:00 +0100 -> (1)
Wed Jan 08 2025 00:00:00 +0100 -> (2)
Wed Jan 08 2025 00:00:00 +0100 -> (3)
Thu Jan 09 2025 00:00:00 +0100 -> (0)
Thu Jan 09 2025 00:00:00 +0100 -> (1)
Thu Jan 09 2025 00:00:00 +0100 -> (2)
Thu Jan 09 2025 00:00:00 +0100 -> (3)
Fri Jan 10 2025 00:00:00 +0100 -> (0)
Fri Jan 10 2025 00:00:00 +0100 -> (1)
Fri Jan 10 2025 00:00:00 +0100 -> (2)
Fri Jan 10 2025 00:00:00 +0100 -> (3)
Sat Jan 11 2025 00:00:00 +0100 -> (0)
Sat Jan 11 2025 00:00:00 +0100 -> (1)
Sat Jan 11 2025 00:00:00 +0100 -> (2)
Sat Jan 11 2025 00:00:00 +0100 -> (3)
Sun Jan 12 2025 00:00:00 +0100 -> (0)
Sun Jan 12 2025 00:00:00 +0100 -> (1)
Sun Jan 12 2025 00:00:00 +0100 -> (2)
Sun Jan 12 2025 00:00:00 +0100 -> (3)
Mon Jan 13 2025 00:00:00 +0100 -> (0)
Mon Jan 13 2025 00:00:00 +0100 -> (1)
Mon Jan 13 2025 00:00:00 +0100 -> (2)
Mon Jan 13 2025 00:00:00 +0100 -> (3)
Thu Jan 16 2025 00:00:00 +0100 -> (0)
Thu Jan 16 2025 00:00:00 +0100 -> (1)
Thu Jan 16 2025 00:00:00 +0100 -> (2)
Thu Jan 16 2025 00:00:00 +0100 -> (3)
Sun Jan 19 2025 00:00:00 +0100 -> (0)
Sun Jan 19 2025 00:00:00 +0100 -> (1)
Sun Jan 19 2025 00:00:00 +0100 -> (2)
Sun Jan 19 2025 00:00:00 +0100 -> (3)
Mon Jan 20 2025 00:00:00 +0100 -> (0)
Mon Jan 20 2025 00:00:00 +0100 -> (1)
Mon Jan 20 2025 00:00:00 +0100 -> (2)
Mon Jan 20 2025 00:00:00 +0100 -> (3)
Thu Jan 23 2025 00:00:00 +0100 -> (0)
Thu Jan 23 2025 00:00:00 +0100 -> (1)
Thu Jan 23 2025 00:00:00 +0100 -> (2)
Thu Jan 23 2025 00:00:00 +0100 -> (3)
Sun Jan 26 2025 00:00:00 +0100 -> (0)
Sun Jan 26 2025 00:00:00 +0100 -> (1)
Sun Jan 26 2025 00:00:00 +0100 -> (2)
Sun Jan 26 2025 00:00:00 +0100 -> (3)
Mon Jan 27 2025 00:00:00 +0100 -> (0)
Mon Jan 27 2025 00:00:00 +0100 -> (1)
Mon Jan 27 2025 00:00:00 +0100 -> (2)
Mon Jan 27 2025 00:00:00 +0100 -> (3)
Thu Jan 30 2025 00:00:00 +0100 -> (0)
Thu Jan 30 2025 00:00:00 +0100 -> (1)
Thu Jan 30 2025 00:00:00 +0100 -> (2)
Thu Jan 30 2025 00:00:00 +0100 -> (3)
Sun Feb 02 2025 00:00:00 +0100 -> (0)
Sun Feb 02 2025 00:00:00 +0100 -> (1)
Sun Feb 02 2025 00:00:00 +0100 -> (2)
Sun Feb 02 2025 00:00:00 +0100 -> (3)
Tue Feb 04 2025 00:00:00 +0100 -> (0)
Tue Feb 04 2025 00:00:00 +0100 -> (1)
Tue Feb 04 2025 00:00:00 +0100 -> (2)
Tue Feb 04 2025 00:00:00 +0100 -> (3)
Wed Feb 05 2025 00:00:00 +0100 -> (0)
Wed Feb 05 2025 00:00:00 +0100 -> (1)
Wed Feb 05 2025 00:00:00 +0100 -> (2)
Wed Feb 05 2025 00:00:00 +0100 -> (3)
Fri Feb 07 2025 00:00:00 +0100 -> (0)
Fri Feb 07 2025 00:00:00 +0100 -> (1)
Fri Feb 07 2025 00:00:00 +0100 -> (2)
Fri Feb 07 2025 00:00:00 +0100 -> (3)
Sat Feb 08 2025 00:00:00 +0100 -> (0)
Sat Feb 08 2025 00:00:00 +0100 -> (1)
Sat Feb 08 2025 00:00:00 +0100 -> (2)
Sat Feb 08 2025 00:00:00 +0100 -> (3)
Mon Feb 17 2025 00:00:00 +0100 -> (0)
Mon Feb 17 2025 00:00:00 +0100 -> (1)
Mon Feb 17 2025 00:00:00 +0100 -> (2)
Mon Feb 17 2025 00:00:00 +0100 -> (3)
Tue Feb 18 2025 00:00:00 +0100 -> (0)
Tue Feb 18 2025 00:00:00 +0100 -> (1)
Tue Feb 18 2025 00:00:00 +0100 -> (2)
Tue Feb 18 2025 00:00:00 +0100 -> (3)
Wed Feb 19 2025 00:00:00 +0100 -> (0)
Wed Feb 19 2025 00:00:00 +0100 -> (1)
Wed Feb 19 2025 00:00:00 +0100 -> (2)
Wed Feb 19 2025 00:00:00 +0100 -> (3)
Thu Feb 20 2025 00:00:00 +0100 -> (0)
Thu Feb 20 2025 00:00:00 +0100 -> (1)
Thu Feb 20 2025 00:00:00 +0100 -> (2)
Thu Feb 20 2025 00:00:00 +0100 -> (3)
Fri Feb 21 2025 00:00:00 +0100 -> (0)
Fri Feb 21 2025 00:00:00 +0100 -> (1)
Fri Feb 21 2025 00:00:00 +0100 -> (2)
Fri Feb 21 2025 00:00:00 +0100 -> (3)
Sat Feb 22 2025 00:00:00 +0100 -> (0)
Sat Feb 22 2025 00:00:00 +0100 -> (1)
Sat Feb 22 2025 00:00:00 +0100 -> (2)
Sat Feb 22 2025 00:00:00 +0100 -> (3)
Sun Feb 23 2025 00:00:00 +0100 -> (0)
Sun Feb 23 2025 00:00:00 +0100 -> (1)
Sun Feb 23 2025 00:00:00 +0100 -> (2)
Sun Feb 23 2025 00:00:00 +0100 -> (3)
Sun Mar 09 2025 23:00:00 +0000 -> (0)
Sun Mar 09 2025 23:00:00 +0000 -> (1)
Sun Mar 09 2025 23:00:00 +0000 -> (2)
Sun Mar 09 2025 23:00:00 +0000 -> (3)
Mon Mar 10 2025 23:00:00 +0000 -> (0)
Mon Mar 10 2025 23:00:00 +0000 -> (1)
Mon Mar 10 2025 23:00:00 +0000 -> (2)
Mon Mar 10 2025 23:00:00 +0000 -> (3)
Tue Mar 11 2025 23:00:00 +0000 -> (0)
Tue Mar 11 2025 23:00:00 +0000 -> (1)
Tue Mar 11 2025 23:00:00 +0000 -> (2)
Tue Mar 11 2025 23:00:00 +0000 -> (3)
Wed Mar 12 2025 23:00:00 +0000 -> (0)
Wed Mar 12 2025 23:00:00 +0000 -> (1)
Wed Mar 12 2025 23:00:00 +0000 -> (2)
Wed Mar 12 2025 23:00:00 +0000 -> (3)
Thu Mar 13 2025 23:00:00 +0000 -> (0)
Thu Mar 13 2025 23:00:00 +0000 -> (1)
Thu Mar 13 2025 23:00:00 +0000 -> (2)
Thu Mar 13 2025 23:00:00 +0000 -> (3)
Fri Mar 14 2025 23:00:00 +0000 -> (0)
Fri Mar 14 2025 23:00:00 +0000 -> (1)
Fri Mar 14 2025 23:00:00 +0000 -> (2)
Fri Mar 14 2025 23:00:00 +0000 -> (3)
Sat Mar 15 2025 23:00:00 +0000 -> (0)
Sat Mar 15 2025 23:00:00 +0000 -> (1)
Sat Mar 15 2025 23:00:00 +0000 -> (2)
Sat Mar 15 2025 23:00:00 +0000 -> (3)
Sun Mar 16 2025 23:00:00 +0000 -> (0)
Sun Mar 16 2025 23:00:00 +0000 -> (1)
Sun Mar 16 2025 23:00:00 +0000 -> (2)
Sun Mar 16 2025 23:00:00 +0000 -> (3)
Wed Mar 19 2025 23:00:00 +0000 -> (0)
Wed Mar 19 2025 23:00:00 +0000 -> (1)
Wed Mar 19 2025 23:00:00 +0000 -> (2)
Wed Mar 19 2025 23:00:00 +0000 -> (3)
Sat Mar 22 2025 23:00:00 +0000 -> (0)
Sat Mar 22 2025 23:00:00 +0000 -> (1)
Sat Mar 22 2025 23:00:00 +0000 -> (2)
Sat Mar 22 2025 23:00:00 +0000 -> (3)
Sun Mar 23 2025 23:00:00 +0000 -> (0)
Sun Mar 23 2025 23:00:00 +0000 -> (1)
Sun Mar 23 2025 23:00:00 +0000 -> (2)
Sun Mar 23 2025 23:00:00 +0000 -> (3)
Wed Mar 26 2025 23:00:00 +0000 -> (0)
Wed Mar 26 2025 23:00:00 +0000 -> (1)
Wed Mar 26 2025 23:00:00 +0000 -> (2)
Wed Mar 26 2025 23:00:00 +0000 -> (3)
Sat Mar 29 2025 23:00:00 +0000 -> (0)
Sat Mar 29 2025 23:00:00 +0000 -> (1)
Sat Mar 29 2025 23:00:00 +0000 -> (2)
Sat Mar 29 2025 23:00:00 +0000 -> (3)
Sun Mar 30 2025 23:00:00 +0000 -> (0)
Sun Mar 30 2025 23:00:00 +0000 -> (1)
Sun Mar 30 2025 23:00:00 +0000 -> (2)
Sun Mar 30 2025 23:00:00 +0000 -> (3)
Wed Apr 02 2025 23:00:00 +0000 -> (0)
Wed Apr 02 2025 23:00:00 +0000 -> (1)
Wed Apr 02 2025 23:00:00 +0000 -> (2)
Wed Apr 02 2025 23:00:00 +0000 -> (3)
Sat Apr 05 2025 23:00:00 +0000 -> (0)
Sat Apr 05 2025 23:00:00 +0000 -> (1)
Sat Apr 05 2025 23:00:00 +0000 -> (2)
Sat Apr 05 2025 23:00:00 +0000 -> (3)
Mon Apr 14 2025 00:00:00 +0100 -> (0)
Mon Apr 14 2025 00:00:00 +0100 -> (1)
Mon Apr 14 2025 00:00:00 +0100 -> (2)
Mon Apr 14 2025 00:00:00 +0100 -> (3)
Tue Apr 15 2025 00:00:00 +0100 -> (0)
Tue Apr 15 2025 00:00:00 +0100 -> (1)
Tue Apr 15 2025 00:00:00 +0100 -> (2)
Tue Apr 15 2025 00:00:00 +0100 -> (3)
Wed Apr 16 2025 00:00:00 +0100 -> (0)
Wed Apr 16 2025 00:00:00 +0100 -> (1)
Wed Apr 16 2025 00:00:00 +0100 -> (2)
Wed Apr 16 2025 00:00:00 +0100 -> (3)
Thu Apr 17 2025 00:00:00 +0100 -> (0)
Thu Apr 17 2025 00:00:00 +0100 -> (1)
Thu Apr 17 2025 00:00:00 +0100 -> (2)
Thu Apr 17 2025 00:00:00 +0100 -> (3)
Fri Apr 18 2025 00:00:00 +0100 -> (0)
Fri Apr 18 2025 00:00:00 +0100 -> (1)
Fri Apr 18 2025 00:00:00 +0100 -> (2)
Fri Apr 18 2025 00:00:00 +0100 -> (3)
Sat Apr 19 2025 00:00:00 +0100 -> (0)
Sat Apr 19 2025 00:00:00 +0100 -> (1)
Sat Apr 19 2025 00:00:00 +0100 -> (2)
Sat Apr 19 2025 00:00:00 +0100 -> (3)
Sun Apr 20 2025 00:00:00 +0100 -> (0)
Sun Apr 20 2025 00:00:00 +0100 -> (1)
Sun Apr 20 2025 00:00:00 +0100 -> (2)
Sun Apr 20 2025 00:00:00 +0100 -> (3)
Mon Apr 21 2025 00:00:00 +0100 -> (0)
Mon Apr 21 2025 00:00:00 +0100 -> (1)
Mon Apr 21 2025 00:00:00 +0100 -> (2)
Mon Apr 21 2025 00:00:00 +0100 -> (3)
Thu Apr 24 2025 00:00:00 +0100 -> (0)
Thu Apr 24 2025 00:00:00 +0100 -> (1)
Thu Apr 24 2025 00:00:00 +0100 -> (2)
Thu Apr 24 2025 00:00:00 +0100 -> (3)
Mon Apr 28 2025 00:00:00 +0100 -> (0)
Mon Apr 28 2025 00:00:00 +0100 -> (1)
Mon Apr 28 2025 00:00:00 +0100 -> (2)
Mon Apr 28 2025 00:00:00 +0100 -> (3)
Thu May 01 2025 00:00:00 +0100 -> (0)
Thu May 01 2025 00:00:00 +0100 -> (1)
Thu May 01 2025 00:00:00 +0100 -> (2)
