Fri Jan 10 2025 00:00:00 +0100 -> commit 0
Sat Jan 11 2025 00:00:00 +0100 -> commit 0
Sat Jan 11 2025 00:00:00 +0100 -> commit 1
Sun Jan 12 2025 00:00:00 +0100 -> commit 0
Sun Jan 12 2025 00:00:00 +0100 -> commit 1
Thu Jan 16 2025 00:00:00 +0100 -> commit 0
Fri Jan 17 2025 00:00:00 +0100 -> commit 0
Fri Jan 17 2025 00:00:00 +0100 -> commit 1
Sat Jan 18 2025 00:00:00 +0100 -> commit 0
Sat Jan 18 2025 00:00:00 +0100 -> commit 1
Sun Jan 19 2025 00:00:00 +0100 -> commit 0
Sun Jan 19 2025 00:00:00 +0100 -> commit 1
Wed Jan 22 2025 00:00:00 +0100 -> commit 0
Thu Jan 23 2025 00:00:00 +0100 -> commit 0
